[ 
{
  "K": 4,
  "Alpha": 5,
  "runIdx": 0,
  "weight": 65624.899129,
  "violation": 0,
  "timeElapsed": 19.000000,
  "partitions": {
    "0": [47, 8, 14, 11, 40, 5, 28, 31, 32, 48, 36, 1, 68, 2, 52],
    "1": [0, 39, 7, 16, 51, 4, 27, 43, 12, 41, 42, 33, 46, 49, 53, 54, 60, 56, 66, 20],
    "2": [3, 9, 10, 29, 62, 34, 19, 22, 50, 57, 26, 69, 45, 24, 21],
    "3": [65, 64, 44, 67, 55, 13, 15, 6, 25, 59, 30, 18, 37, 38, 23, 58, 61, 63, 35, 17]
  }
},
{
  "K": 4,
  "Alpha": 6,
  "runIdx": 0,
  "weight": 65793.807337,
  "violation": 0,
  "timeElapsed": 18.000000,
  "partitions": {
    "0": [25, 66, 18, 55, 58, 23, 13, 32, 59, 49, 17, 63, 54, 35, 61],
    "1": [9, 65, 45, 64, 8, 28, 21, 24, 29, 57, 37, 38, 31, 10, 15, 50, 2, 69, 22],
    "2": [16, 1, 26, 11, 5, 46, 68, 12, 56, 33, 60, 36, 41, 40, 14, 48, 52, 27, 47, 4, 53],
    "3": [3, 67, 62, 43, 7, 30, 51, 39, 44, 0, 42, 20, 19, 6, 34]
  }
},
{
  "K": 5,
  "Alpha": 5,
  "runIdx": 0,
  "weight": 70386.178782,
  "violation": 0,
  "timeElapsed": 18.000000,
  "partitions": {
    "0": [2, 10, 32, 22, 21, 24, 69, 29, 31, 8, 9],
    "1": [48, 7, 14, 28, 67, 26, 6, 36, 41, 43, 47, 0, 62, 68, 39, 59],
    "2": [4, 13, 27, 61, 12, 46, 40, 3, 5, 44, 34],
    "3": [49, 20, 23, 52, 11, 33, 54, 60, 63, 66, 42, 16, 53, 55, 56, 1],
    "4": [50, 45, 37, 58, 19, 30, 35, 18, 25, 51, 17, 57, 15, 64, 38, 65]
  }
},
{
  "K": 5,
  "Alpha": 6,
  "runIdx": 0,
  "weight": 70395.310628,
  "violation": 0,
  "timeElapsed": 18.000000,
  "partitions": {
    "0": [3, 24, 9, 22, 32, 19, 34, 21, 10, 29, 20],
    "1": [69, 23, 1, 63, 18, 61, 49, 59, 33, 37, 36, 16, 54, 35, 55, 68, 53],
    "2": [6, 17, 0, 60, 14, 66, 43, 46, 67, 30, 39],
    "3": [52, 11, 25, 47, 8, 7, 27, 41, 42, 40, 48, 56, 12, 13],
    "4": [5, 50, 4, 64, 58, 62, 28, 31, 65, 38, 15, 2, 44, 45, 57, 26, 51]
  }
},
{
  "K": 6,
  "Alpha": 5,
  "runIdx": 0,
  "weight": 74387.003705,
  "violation": 0,
  "timeElapsed": 21.000000,
  "partitions": {
    "0": [1, 8, 56, 11, 36, 12, 5, 40, 48],
    "1": [0, 4, 6, 41, 30, 67, 54, 39, 43, 46, 17, 32, 60, 29],
    "2": [2, 14, 16, 68, 66, 28, 50, 42, 35, 52, 49, 58, 57, 18],
    "3": [3, 44, 21, 24, 61, 27, 31, 34, 45, 51, 69, 62, 65, 22],
    "4": [9, 19, 20, 10, 13, 26, 38, 64, 59],
    "5": [7, 53, 25, 23, 33, 37, 63, 15, 55, 47]
  }
},
{
  "K": 6,
  "Alpha": 6,
  "runIdx": 0,
  "weight": 73684.709951,
  "violation": 0,
  "timeElapsed": 21.000000,
  "partitions": {
    "0": [32, 17, 18, 29, 1, 40, 8, 22, 48, 52, 37, 10, 38],
    "1": [21, 41, 66, 16, 49, 69, 36, 11, 54, 42, 9, 33, 56, 27, 0],
    "2": [4, 68, 31, 2, 26, 57, 28, 50, 5],
    "3": [3, 34, 19, 24, 62, 30, 61, 64, 46, 45, 20, 51, 65, 35, 60],
    "4": [7, 55, 43, 39, 15, 53, 59, 67, 47],
    "5": [58, 44, 6, 12, 13, 14, 23, 25, 63]
  }
}]