[ 
{
  "K": 4,
  "Alpha": 5,
  "runIdx": 0,
  "weight": 31134.262028,
  "violation": 0,
  "timeElapsed": 51.000000,
  "partitions": {
    "0": [12, 8, 10, 15, 35, 0, 27, 25, 13, 45, 40, 41, 42, 36, 48],
    "1": [39, 11, 14, 20, 22, 28, 2, 31, 3, 5],
    "2": [37, 1, 47, 29, 7, 24, 19, 9, 30, 32, 44, 18, 46, 38, 43],
    "3": [34, 21, 16, 33, 6, 49, 26, 17, 23, 4]
  }
},
{
  "K": 4,
  "Alpha": 6,
  "runIdx": 0,
  "weight": 31107.502665,
  "violation": 0,
  "timeElapsed": 12.000000,
  "partitions": {
    "0": [24, 38, 5, 1, 16, 30, 4, 19, 29, 46, 7, 37, 32, 28, 44, 47],
    "1": [49, 6, 18, 21, 23, 39, 43, 48, 45, 33],
    "2": [8, 14, 11, 20, 22, 9, 26, 31, 3, 2],
    "3": [0, 41, 27, 15, 34, 12, 17, 40, 13, 35, 42, 25, 36, 10]
  }
},
{
  "K": 5,
  "Alpha": 5,
  "runIdx": 0,
  "weight": 33636.552447,
  "violation": 0,
  "timeElapsed": 14.000000,
  "partitions": {
    "0": [1, 5, 11, 32, 18, 3, 28, 30, 38, 44, 19, 46, 43],
    "1": [48, 15, 13, 24, 36, 41, 42, 40, 9, 45, 47, 20, 12],
    "2": [10, 0, 49, 17, 35, 21, 27, 25],
    "3": [26, 6, 8, 14, 31, 22, 34, 33],
    "4": [2, 7, 4, 23, 16, 39, 29, 37]
  }
},
{
  "K": 5,
  "Alpha": 6,
  "runIdx": 0,
  "weight": 33167.879559,
  "violation": 0,
  "timeElapsed": 14.000000,
  "partitions": {
    "0": [28, 26, 22, 43, 8, 14, 34],
    "1": [0, 33, 17, 21, 10, 25, 6, 49, 27, 48],
    "2": [3, 2, 11, 31, 7, 39, 23],
    "3": [4, 32, 19, 29, 20, 38, 37, 47, 9, 46, 24, 30, 16],
    "4": [45, 40, 41, 12, 13, 36, 44, 15, 5, 35, 42, 18, 1]
  }
},
{
  "K": 6,
  "Alpha": 5,
  "runIdx": 0,
  "weight": 35148.616592,
  "violation": 0,
  "timeElapsed": 24.000000,
  "partitions": {
    "0": [32, 1, 43, 28, 30, 37, 23, 46, 44, 5],
    "1": [11, 22, 2, 31, 3],
    "2": [36, 35, 13, 45, 14, 20, 39, 42, 12, 40],
    "3": [24, 9, 47, 15, 48, 21, 18, 10, 41, 19],
    "4": [0, 27, 6, 26, 8, 25, 33, 34, 17, 49],
    "5": [7, 38, 4, 16, 29]
  }
},
{
  "K": 6,
  "Alpha": 6,
  "runIdx": 0,
  "weight": 4,
  "violation": 0,
  "timeElapsed": 14.000000,
  "partitions": {
    "0": [0, 39, 8, 27, 40, 33, 17, 49, 34, 45, 6],
    "1": [18, 35, 26, 1, 43, 28, 14],
    "2": [24, 30, 47, 38, 19, 4, 32, 20, 9, 29, 36],
    "3": [13, 5, 44, 16, 42],
    "4": [12, 2, 3, 7, 10, 25, 21, 37, 23, 46, 31],
    "5": [15, 22, 11, 41, 48]
  }
}]