[ 
{
  "K": 2,
  "Alpha": 1,
  "runIdx": 0,
  "weight": 1.000000,
  "violation": 0,
  "timeElapsed": 10.000000,
  "partitions": {
    "0": [5, 6, 7, 4],
    "1": [2, 0, 3, 1]
  }
},
{
  "K": 2,
  "Alpha": 2,
  "runIdx": 0,
  "weight": 1.000000,
  "violation": 0,
  "timeElapsed": 2.000000,
  "partitions": {
    "0": [6, 7, 4, 5],
    "1": [0, 2, 1, 3]
  }
},
{
  "K": 3,
  "Alpha": 1,
  "runIdx": 0,
  "weight": 24.000000,
  "violation": 0,
  "timeElapsed": 2.000000,
  "partitions": {
    "0": [2, 3, 1],
    "1": [0, 4],
    "2": [6, 7, 5]
  }
},
{
  "K": 3,
  "Alpha": 2,
  "runIdx": 0,
  "weight": 12.000000,
  "violation": 0,
  "timeElapsed": 2.000000,
  "partitions": {
    "0": [2, 0, 3, 1],
    "1": [5, 7],
    "2": [6, 4]
  }
},
{
  "K": 4,
  "Alpha": 1,
  "runIdx": 0,
  "weight": 29.000000,
  "violation": 0,
  "timeElapsed": 3.000000,
  "partitions": {
    "0": [6, 7],
    "1": [3, 2],
    "2": [5, 4],
    "3": [1, 0]
  }
},
{
  "K": 4,
  "Alpha": 2,
  "runIdx": 0,
  "weight": 24.000000,
  "violation": 0,
  "timeElapsed": 2.000000,
  "partitions": {
    "0": [1, 3, 2],
    "1": [4],
    "2": [0],
    "3": [6, 7, 5]
  }
}]