[ 
{
  "K": 2,
  "Alpha": 1,
  "runIdx": 0,
  "weight": 13370.358036,
  "violation": 0,
  "timeElapsed": 10.000000,
  "partitions": {
    "0": [15, 38, 3, 1, 9, 13, 14, 17, 20, 24, 36, 29, 31, 6, 21, 32, 30, 19, 39, 12],
    "1": [0, 34, 27, 7, 8, 10, 18, 5, 22, 16, 4, 2, 37, 28, 23, 35, 25, 26, 33, 11]
  }
},
{
  "K": 2,
  "Alpha": 2,
  "runIdx": 0,
  "weight": 13366.145317,
  "violation": 0,
  "timeElapsed": 12.000000,
  "partitions": {
    "0": [0, 17, 10, 11, 12, 13, 25, 4, 5, 35, 7, 29, 34, 36, 37, 38, 16, 23, 2, 14, 24],
    "1": [31, 19, 26, 28, 6, 27, 9, 33, 1, 15, 39, 18, 20, 21, 22, 3, 32, 8, 30]
  }
},
{
  "K": 3,
  "Alpha": 1,
  "runIdx": 0,
  "weight": 18246.615162,
  "violation": 0,
  "timeElapsed": 11.000000,
  "partitions": {
    "0": [33, 0, 16, 32, 22, 25, 8, 23, 2, 10, 34, 7, 26, 27],
    "1": [3, 21, 20, 18, 31, 6, 15, 19, 9, 30, 11, 14, 17],
    "2": [5, 13, 12, 39, 28, 29, 35, 24, 38, 1, 36, 37, 4]
  }
},
{
  "K": 3,
  "Alpha": 2,
  "runIdx": 0,
  "weight": 18246.492107,
  "violation": 0,
  "timeElapsed": 14.000000,
  "partitions": {
    "0": [1, 39, 31, 32, 25, 3, 27, 26, 33, 19, 21, 22, 15, 8],
    "1": [0, 2, 7, 9, 16, 6, 36, 35, 5, 37, 34, 13, 24, 29],
    "2": [14, 12, 17, 20, 18, 23, 4, 30, 11, 38, 10, 28]
  }
},
{
  "K": 4,
  "Alpha": 1,
  "runIdx": 0,
  "weight": 21031.397388,
  "violation": 0,
  "timeElapsed": 17.000000,
  "partitions": {
    "0": [1, 15, 6, 33, 8, 26, 9, 3, 20, 16],
    "1": [0, 4, 17, 11, 25, 2, 5, 37, 7, 13],
    "2": [29, 21, 32, 12, 35, 38, 30, 34, 36, 14],
    "3": [19, 27, 24, 28, 39, 18, 23, 10, 22, 31]
  }
},
{
  "K": 4,
  "Alpha": 2,
  "runIdx": 0,
  "weight": 20796.215770,
  "violation": 0,
  "timeElapsed": 15.000000,
  "partitions": {
    "0": [13, 36, 6, 8, 9, 15, 26, 29, 1],
    "1": [3, 33, 39, 18, 19, 21, 27, 31, 32, 22],
    "2": [4, 7, 2, 0, 16, 37, 35, 25, 5, 34, 10],
    "3": [11, 38, 14, 24, 20, 28, 17, 23, 12, 30]
  }
}]