[ 
{
  "K": 2,
  "Alpha": 1,
  "runIdx": 0,
  "weight": 3255.822561,
  "violation": 0,
  "timeElapsed": 2.000000,
  "partitions": {
    "0": [2, 16, 19, 8, 9, 14, 0, 15, 6, 4],
    "1": [17, 12, 5, 1, 7, 3, 10, 18, 13, 11]
  }
},
{
  "K": 2,
  "Alpha": 2,
  "runIdx": 0,
  "weight": 3158.401669,
  "violation": 0,
  "timeElapsed": 2.000000,
  "partitions": {
    "0": [16, 19, 8, 17, 6, 11, 14, 13, 2],
    "1": [15, 3, 0, 5, 4, 18, 9, 1, 12, 7, 10]
  }
},
{
  "K": 3,
  "Alpha": 1,
  "runIdx": 0,
  "weight": 4381.357261,
  "violation": 0,
  "timeElapsed": 2.000000,
  "partitions": {
    "0": [2, 6, 8, 11, 14, 19],
    "1": [3, 17, 18, 10, 12, 13, 16],
    "2": [1, 0, 5, 9, 4, 15, 7]
  }
},
{
  "K": 3,
  "Alpha": 2,
  "runIdx": 0,
  "weight": 4324.058648,
  "violation": 0,
  "timeElapsed": 1.000000,
  "partitions": {
    "0": [0, 4, 7, 5, 3, 15, 9, 1],
    "1": [12, 16, 18, 17, 13, 10],
    "2": [14, 2, 19, 6, 8, 11]
  }
},
{
  "K": 4,
  "Alpha": 1,
  "runIdx": 0,
  "weight": 5107.527060,
  "violation": 0,
  "timeElapsed": 3.000000,
  "partitions": {
    "0": [16, 8, 19, 2, 6],
    "1": [1, 13, 18, 17, 10],
    "2": [7, 12, 3, 11, 5],
    "3": [15, 0, 4, 14, 9]
  }
},
{
  "K": 4,
  "Alpha": 2,
  "runIdx": 0,
  "weight": 4968.084826,
  "violation": 0,
  "timeElapsed": 3.000000,
  "partitions": {
    "0": [18, 17, 10, 13, 12, 16],
    "1": [6, 2, 8, 19],
    "2": [0, 3, 14, 9],
    "3": [5, 7, 11, 1, 15, 4]
  }
}]